,제휴사,대분류코드,중분류코드,중분류명,구매금액,대분류카테고리,"사치품,선매품,일상품여부",통합 상품분류
0,B,1,101,열매채소,2022,신선식품,일상품,신선식품_저가
1,B,1,102,버섯,3017,신선식품,일상품,신선식품_저가
2,B,1,103,온라인버섯/열매채소,5900,신선식품,일상품,신선식품_저가
3,B,4,401,양곡,52492,신선식품,일상품,신선식품_고가
4,B,4,402,잡곡류,15788,신선식품,일상품,신선식품_중가
5,B,4,403,즉석도정미,30991,신선식품,일상품,신선식품_고가
6,B,4,404,가공양곡,5172,신선식품,일상품,신선식품_저가
7,B,5,501,잎채소,2232,신선식품,일상품,신선식품_저가
8,B,5,502,뿌리채소,3189,신선식품,일상품,신선식품_저가
9,B,5,503,열매채소,2169,신선식품,일상품,신선식품_저가
10,B,5,504,버섯류,2920,신선식품,일상품,신선식품_저가
11,B,5,506,약초,13734,신선식품,일상품,신선식품_중가
12,B,5,508,식자재,2426,신선식품,일상품,신선식품_저가
13,B,5,509,친환경채소,2895,신선식품,일상품,신선식품_저가
14,B,5,512,LOCAL잎채소,1836,신선식품,일상품,신선식품_저가
15,B,6,601,대중선어,8250,신선식품,일상품,신선식품_중가
16,B,6,603,생선선물세트,135389,신선식품,선매품,신선식품_고가
17,B,6,604,고등어/삼치,5629,신선식품,일상품,신선식품_저가
18,B,6,605,대구,8686,신선식품,일상품,신선식품_중가
19,B,6,606,도미/민어,10892,신선식품,일상품,신선식품_중가
20,B,6,607,기타구색생선,7544,신선식품,일상품,신선식품_중가
21,B,6,608,꽁치/가자미,6556,신선식품,일상품,신선식품_저가
22,B,6,610,조기/명태,7796,신선식품,일상품,신선식품_중가
23,B,6,611,국산게/갈치,13660,신선식품,일상품,신선식품_중가
24,B,38,3802,나물,3469,신선식품,일상품,신선식품_저가
25,B,38,3803,콩나물,1814,신선식품,일상품,신선식품_저가
26,B,38,3805,간편채소,3599,신선식품,일상품,신선식품_저가
27,B,46,4601,우육,21176,신선식품,일상품,신선식품_중가
28,B,46,4602,수입육,17939,신선식품,일상품,신선식품_중가
29,B,46,4603,일반한우,21253,신선식품,일상품,신선식품_중가
30,B,46,4604,한우선물세트,266349,신선식품,선매품,신선식품_고가
31,B,46,4605,브랜드한우,22756,신선식품,일상품,신선식품_중가
32,B,47,4701,닭고기,8398,신선식품,일상품,신선식품_중가
33,B,47,4702,계란,5381,신선식품,일상품,신선식품_저가
34,B,47,4703,오리고기,11529,신선식품,일상품,신선식품_중가
35,B,48,4802,돼지고기,13422,신선식품,일상품,신선식품_중가
36,B,48,4803,브랜드돼지고기,12312,신선식품,일상품,신선식품_중가
37,B,48,4804,차별화돼지고기,16402,신선식품,일상품,신선식품_중가
38,B,48,4805,온라인돼지고기,6500,신선식품,일상품,신선식품_저가
39,B,52,5201,과실과일,8161,신선식품,일상품,신선식품_중가
40,B,52,5202,과채과일,9225,신선식품,일상품,신선식품_중가
41,B,52,5203,선물세트,110256,신선식품,선매품,신선식품_고가
42,B,52,5204,친환경과일,8429,신선식품,일상품,신선식품_중가
43,B,52,5205,감귤,8146,신선식품,일상품,신선식품_중가
44,B,52,5206,감,4849,신선식품,일상품,신선식품_저가
45,B,52,5207,복숭아,11183,신선식품,일상품,신선식품_중가
46,B,52,5208,자두,6799,신선식품,일상품,신선식품_중가
47,B,52,5209,토마토,6538,신선식품,일상품,신선식품_저가
48,B,52,5210,포도,11120,신선식품,일상품,신선식품_중가
49,B,52,5211,참외,9326,신선식품,일상품,신선식품_중가
50,B,52,5212,수박,12797,신선식품,일상품,신선식품_중가
51,B,52,5213,딸기,11010,신선식품,일상품,신선식품_중가
52,B,52,5214,메론,8376,신선식품,일상품,신선식품_중가
53,B,53,5301,선물세트,45258,신선식품,일상품,신선식품_고가
54,B,53,5302,수입감귤과일,5596,신선식품,일상품,신선식품_저가
55,B,53,5303,수입기타과일,6913,신선식품,일상품,신선식품_중가
56,B,53,5304,열대과일,4553,신선식품,일상품,신선식품_저가
57,B,53,5305,키위/석류,7824,신선식품,일상품,신선식품_중가
58,B,53,5306,포도/체리,8504,신선식품,일상품,신선식품_중가
59,B,53,5307,오렌지과일선물세트,26319,신선식품,일상품,신선식품_중가
60,B,53,5308,오렌지,5974,신선식품,일상품,신선식품_저가
61,B,53,5309,자몽,4266,신선식품,일상품,신선식품_저가
62,B,53,5310,오렌지과일기타,5633,신선식품,일상품,신선식품_저가
63,B,53,5311,석류,5865,신선식품,일상품,신선식품_저가
64,B,53,5312,레몬,5382,신선식품,일상품,신선식품_저가
65,B,54,5401,생선회,13322,신선식품,일상품,신선식품_중가
66,B,54,5405,기타회,11916,신선식품,일상품,신선식품_중가
67,B,55,5501,건과,9278,신선식품,일상품,신선식품_중가
68,B,55,5502,친환경채소,2808,신선식품,일상품,신선식품_저가
69,B,63,6309,특산물행사,12075,신선식품,일상품,신선식품_중가
70,B,64,6401,블루베리,7735,신선식품,일상품,신선식품_중가
71,B,64,6402,체리,11707,신선식품,일상품,신선식품_중가
72,B,64,6403,수입포도,6896,신선식품,일상품,신선식품_중가
73,B,65,6501,열대과일기타,4900,신선식품,일상품,신선식품_저가
74,B,65,6502,바나나,3955,신선식품,일상품,신선식품_저가
75,B,65,6503,파인애플,4074,신선식품,일상품,신선식품_저가
76,B,65,6504,망고,10174,신선식품,일상품,신선식품_중가
77,B,65,6505,키위,8303,신선식품,일상품,신선식품_중가
78,B,65,6506,열대과일선물세트,40462,신선식품,일상품,신선식품_고가
79,B,72,7201,잡곡,13880,신선식품,일상품,신선식품_중가
80,B,72,7203,온라인잡곡선식,36590,신선식품,일상품,신선식품_고가
81,B,76,7601,수입연어,9303,신선식품,일상품,신선식품_중가
82,B,76,7602,수입고등어,6555,신선식품,일상품,신선식품_저가
83,B,76,7603,수입갈치,12359,신선식품,일상품,신선식품_중가
84,B,76,7604,수입게,38811,신선식품,일상품,신선식품_고가
85,B,76,7605,수입기타생선,4164,신선식품,일상품,신선식품_저가
86,B,78,7801,굴비,18166,신선식품,일상품,신선식품_중가
87,B,79,7901,해초,2610,신선식품,일상품,신선식품_저가
88,B,79,7902,조개,7318,신선식품,일상품,신선식품_중가
89,B,79,7903,조개살,4968,신선식품,일상품,신선식품_저가
90,B,79,7904,연체,9610,신선식품,일상품,신선식품_중가
91,B,79,7905,새우,9379,신선식품,일상품,신선식품_중가
92,B,79,7906,해물선물세트,122714,신선식품,선매품,신선식품_고가
93,B,79,7907,온라인해물연체,27200,신선식품,일상품,신선식품_고가
94,B,80,8001,특산물행사,11606,신선식품,일상품,신선식품_중가
95,B,82,8201,미국산소고기,21752,신선식품,일상품,신선식품_중가
96,B,82,8202,호주산소고기,18514,신선식품,일상품,신선식품_중가
97,B,82,8203,수입육선물세트,143744,신선식품,선매품,신선식품_고가
98,B,82,8204,수입돼지고기,10656,신선식품,일상품,신선식품_중가
99,B,82,8205,기타국소고기,18911,신선식품,일상품,신선식품_중가
100,B,89,8901,계란,5344,신선식품,일상품,신선식품_저가
101,B,89,8902,가공란,4115,신선식품,일상품,신선식품_저가
102,B,92,9201,사과,8417,신선식품,일상품,신선식품_중가
103,B,92,9202,배,8454,신선식품,일상품,신선식품_중가
104,B,92,9203,국산과일선물세트,115336,신선식품,선매품,신선식품_고가
105,B,92,9204,온라인저장과일,14900,신선식품,일상품,신선식품_중가
106,B,92,9205,구색과일,8761,신선식품,일상품,신선식품_중가
107,B,92,9206,밤,5636,신선식품,일상품,신선식품_저가
108,B,2,201,조리반찬,9740,가공식품,일상품,가공식품_중가
109,B,2,202,시즌반찬,11587,가공식품,일상품,가공식품_중가
110,B,3,301,포장젓갈,6314,가공식품,일상품,가공식품_저가
111,B,3,302,포장반찬,3290,가공식품,일상품,가공식품_저가
112,B,5,505,샐러드채소,2912,가공식품,일상품,가공식품_저가
113,B,5,507,양념류,2623,가공식품,일상품,가공식품_저가
114,B,5,510,김치채소,2220,가공식품,일상품,가공식품_저가
115,B,5,511,온라인잎/샐러드채소,16200,가공식품,일상품,가공식품_중가
116,B,5,513,LOCAL김치채소,2412,가공식품,일상품,가공식품_저가
117,B,5,514,샐러드/간편채소,3404,가공식품,일상품,가공식품_저가
118,B,6,602,냉동수산물,12512,가공식품,일상품,가공식품_중가
119,B,6,609,오징어,5172,가공식품,일상품,가공식품_저가
120,B,7,701,선물세트,42151,가공식품,일상품,가공식품_고가
121,B,7,702,즉석구이안주,8806,가공식품,일상품,가공식품_중가
122,B,7,703,마른안주,8591,가공식품,일상품,가공식품_중가
123,B,7,704,멸치건명태,9437,가공식품,일상품,가공식품_중가
124,B,7,705,해조류,4588,가공식품,일상품,가공식품_저가
125,B,7,706,특산물,7350,가공식품,일상품,가공식품_저가
126,B,7,707,건오징어,10812,가공식품,일상품,가공식품_중가
127,B,7,708,조미오징어,9268,가공식품,일상품,가공식품_중가
128,B,7,709,육포,11926,가공식품,일상품,가공식품_중가
129,B,7,710,쥐치포,6761,가공식품,일상품,가공식품_저가
130,B,7,711,마른안주선물세트,263180,가공식품,선매품,가공식품_고가
131,B,8,801,Fast Food,7530,가공식품,일상품,가공식품_저가
132,B,8,802,편의시설,23527,가공식품,일상품,가공식품_중가
133,B,8,803,레스토랑,33605,가공식품,일상품,가공식품_중가
134,B,8,804,카페,6696,가공식품,일상품,가공식품_저가
135,B,8,805,판매시설,42510,가공식품,일상품,가공식품_고가
136,B,9,901,브랜드조리,10048,가공식품,일상품,가공식품_중가
137,B,9,902,베이커리,4464,가공식품,일상품,가공식품_저가
138,B,9,903,구이,6979,가공식품,일상품,가공식품_저가
139,B,9,904,튀김,6441,가공식품,일상품,가공식품_저가
140,B,9,905,밥류,4209,가공식품,일상품,가공식품_저가
141,B,9,906,구이찜조리,6563,가공식품,일상품,가공식품_저가
142,B,9,907,반찬류,5826,가공식품,일상품,가공식품_저가
143,B,9,908,대용식,5235,가공식품,일상품,가공식품_저가
144,B,9,909,이벤트조리,9164,가공식품,일상품,가공식품_중가
145,B,9,910,간식조리,4294,가공식품,일상품,가공식품_저가
146,B,9,911,간편조리,3881,가공식품,일상품,가공식품_저가
147,B,9,912,튀김조리,6972,가공식품,일상품,가공식품_저가
148,B,9,913,피자,11362,가공식품,일상품,가공식품_중가
149,B,10,1001,냉장음료,3648,가공식품,일상품,가공식품_저가
150,B,10,1002,데일리처분,4674,가공식품,일상품,가공식품_저가
151,B,10,1003,흰우유,4078,가공식품,일상품,가공식품_저가
152,B,10,1004,가공우유,3281,가공식품,일상품,가공식품_저가
153,B,10,1005,요구르트,4458,가공식품,일상품,가공식품_저가
154,B,10,1006,유제품,6514,가공식품,일상품,가공식품_저가
155,B,10,1007,브랜드빵,2870,가공식품,일상품,가공식품_저가
156,B,10,1008,치즈,6935,가공식품,일상품,가공식품_저가
157,B,10,1009,디저트,4861,가공식품,일상품,가공식품_저가
158,B,10,1010,유가공,5812,가공식품,일상품,가공식품_저가
159,B,11,1101,조미료,4392,가공식품,일상품,가공식품_저가
160,B,11,1102,소스류,4003,가공식품,일상품,가공식품_저가
161,B,11,1103,장류,6468,가공식품,일상품,가공식품_저가
162,B,11,1104,식용유지,8583,가공식품,일상품,가공식품_중가
163,B,11,1105,조미선물세트,196422,가공식품,선매품,가공식품_고가
164,B,11,1106,가루,3957,가공식품,일상품,가공식품_저가
165,B,11,1107,식자재,5722,가공식품,일상품,가공식품_저가
166,B,11,1108,향신료,5204,가공식품,일상품,가공식품_저가
167,B,11,1109,액상조미료,4388,가공식품,일상품,가공식품_저가
168,B,11,1110,복합조미료,5460,가공식품,일상품,가공식품_저가
169,B,11,1111,소금/설탕류,4048,가공식품,일상품,가공식품_저가
170,B,11,1112,수입조미,5337,가공식품,일상품,가공식품_저가
171,B,12,1201,간편조리식품,4573,가공식품,일상품,가공식품_저가
172,B,12,1202,라면,7032,가공식품,일상품,가공식품_저가
173,B,12,1203,면류,3696,가공식품,일상품,가공식품_저가
174,B,12,1204,분유,183810,가공식품,선매품,가공식품_고가
175,B,12,1205,잼,5993,가공식품,일상품,가공식품_저가
176,B,12,1206,통조림,6743,가공식품,일상품,가공식품_저가
177,B,12,1207,인스턴트선물세트,332624,가공식품,선매품,가공식품_고가
178,B,12,1208,이유식/유아간식,7302,가공식품,일상품,가공식품_저가
179,B,12,1209,두유,11979,가공식품,일상품,가공식품_중가
180,B,13,1301,커피,25807,가공식품,일상품,가공식품_중가
181,B,13,1302,차,6347,가공식품,일상품,가공식품_저가
182,B,13,1303,건강식품,46493,가공식품,일상품,가공식품_고가
183,B,13,1304,담배,27945,가공식품,일상품,가공식품_중가
184,B,13,1305,인스턴트커피,26904,가공식품,일상품,가공식품_중가
185,B,13,1306,원두커피,12365,가공식품,일상품,가공식품_중가
186,B,13,1307,커피선물세트,112651,가공식품,선매품,가공식품_고가
187,B,13,1308,시즌차,8809,가공식품,일상품,가공식품_중가
188,B,13,1309,차선물세트,67695,가공식품,일상품,가공식품_고가
189,B,13,1310,꿀,14744,가공식품,일상품,가공식품_중가
190,B,14,1401,스낵,4838,가공식품,일상품,가공식품_저가
191,B,14,1402,비스켓,3683,가공식품,일상품,가공식품_저가
192,B,14,1403,파이,5277,가공식품,일상품,가공식품_저가
193,B,14,1404,시리얼,5963,가공식품,일상품,가공식품_저가
194,B,14,1405,캔디,3618,가공식품,일상품,가공식품_저가
195,B,14,1406,초콜릿,6133,가공식품,일상품,가공식품_저가
196,B,14,1407,껌,3753,가공식품,일상품,가공식품_저가
197,B,14,1408,안주,4289,가공식품,일상품,가공식품_저가
198,B,14,1409,한과,5799,가공식품,일상품,가공식품_저가
199,B,14,1410,선물세트,12233,가공식품,일상품,가공식품_중가
200,B,14,1411,프리미엄과자,3415,가공식품,일상품,가공식품_저가
201,B,14,1412,간식용과자,6777,가공식품,일상품,가공식품_저가
202,B,14,1413,수입과자,5358,가공식품,일상품,가공식품_저가
203,B,14,1414,종합과자,5994,가공식품,일상품,가공식품_저가
204,B,14,1415,전통과자,3319,가공식품,일상품,가공식품_저가
205,B,15,1501,생수,3542,가공식품,일상품,가공식품_저가
206,B,15,1502,과채음료,4203,가공식품,일상품,가공식품_저가
207,B,15,1503,두유,12891,가공식품,일상품,가공식품_중가
208,B,15,1504,탄산음료,4699,가공식품,일상품,가공식품_저가
209,B,15,1505,이온음료,6125,가공식품,일상품,가공식품_저가
210,B,15,1506,커피차음료,4187,가공식품,일상품,가공식품_저가
211,B,15,1507,기능성음료,6304,가공식품,일상품,가공식품_저가
212,B,15,1508,수입음료,6157,가공식품,일상품,가공식품_저가
213,B,16,1601,소주,4162,가공식품,일상품,가공식품_저가
214,B,16,1602,맥주,7635,가공식품,일상품,가공식품_저가
215,B,16,1603,와인,20395,가공식품,일상품,가공식품_중가
216,B,16,1604,전통주,3757,가공식품,일상품,가공식품_저가
217,B,16,1605,양주,29880,가공식품,일상품,가공식품_중가
218,B,37,3701,분식,6438,가공식품,일상품,가공식품_저가
219,B,37,3702,양식,7245,가공식품,일상품,가공식품_저가
220,B,37,3703,일식,7727,가공식품,일상품,가공식품_저가
221,B,37,3704,중식,6823,가공식품,일상품,가공식품_저가
222,B,37,3705,한식,7354,가공식품,일상품,가공식품_저가
223,B,37,3706,패스트푸드,8752,가공식품,일상품,가공식품_중가
224,B,37,3707,레스토랑,31531,가공식품,일상품,가공식품_중가
225,B,37,3708,카페,6340,가공식품,일상품,가공식품_저가
226,B,37,3709,푸드코트,8097,가공식품,일상품,가공식품_저가
227,B,37,3710,컨세션,9784,가공식품,일상품,가공식품_중가
228,B,38,3801,해초류,2589,가공식품,일상품,가공식품_저가
229,B,38,3804,두부,3082,가공식품,일상품,가공식품_저가
230,B,38,3806,묵,4219,가공식품,일상품,가공식품_저가
231,B,38,3807,즉석참기름,12107,가공식품,일상품,가공식품_중가
232,B,38,3808,묵/즉석참기름,7455,가공식품,일상품,가공식품_저가
233,B,43,4301,어묵맛살,3399,가공식품,일상품,가공식품_저가
234,B,43,4302,냉장면류,4975,가공식품,일상품,가공식품_저가
235,B,43,4303,햄소시지,6642,가공식품,일상품,가공식품_저가
236,B,43,4304,냉장반찬,9114,가공식품,일상품,가공식품_중가
237,B,43,4305,냉동만두,8048,가공식품,일상품,가공식품_저가
238,B,43,4306,냉동간식,8384,가공식품,일상품,가공식품_저가
239,B,43,4307,냉동대용식,8088,가공식품,일상품,가공식품_저가
240,B,43,4308,아이스크림,5469,가공식품,일상품,가공식품_저가
241,B,43,4309,햄,5718,가공식품,일상품,가공식품_저가
242,B,43,4310,소시지,6809,가공식품,일상품,가공식품_저가
243,B,43,4311,냉장햄세트,112313,가공식품,선매품,가공식품_고가
244,B,48,4801,양념육,11324,가공식품,일상품,가공식품_중가
245,B,54,5402,해물연체류,6979,가공식품,일상품,가공식품_저가
246,B,54,5403,간편조리생선,8197,가공식품,일상품,가공식품_저가
247,B,54,5404,생선초밥,11089,가공식품,일상품,가공식품_중가
248,B,55,5503,건강선물세트,79421,가공식품,일상품,가공식품_고가
249,B,55,5504,냉동가공,10624,가공식품,일상품,가공식품_중가
250,B,55,5505,생활한방,9297,가공식품,일상품,가공식품_중가
251,B,55,5506,한방식재류,8424,가공식품,일상품,가공식품_저가
252,B,55,5507,한방차,9227,가공식품,일상품,가공식품_중가
253,B,56,5601,밥류,4146,가공식품,일상품,가공식품_저가
254,B,56,5602,간편조리,4264,가공식품,일상품,가공식품_저가
255,B,56,5603,김/초밥,4186,가공식품,일상품,가공식품_저가
256,B,56,5604,도시락,4300,가공식품,일상품,가공식품_저가
257,B,56,5605,간편조리,6261,가공식품,일상품,가공식품_저가
258,B,57,5701,선식,10502,가공식품,일상품,가공식품_중가
259,B,57,5702,떡,3874,가공식품,일상품,가공식품_저가
260,B,57,5703,족발,7441,가공식품,일상품,가공식품_저가
261,B,58,5801,족발,8882,가공식품,일상품,가공식품_중가
262,B,58,5802,순대,3447,가공식품,일상품,가공식품_저가
263,B,59,5901,단무지류,2709,가공식품,일상품,가공식품_저가
264,B,59,5902,포장반찬,6072,가공식품,일상품,가공식품_저가
265,B,59,5903,김치류,10605,가공식품,일상품,가공식품_중가
266,B,59,5904,반찬류,9280,가공식품,일상품,가공식품_중가
267,B,59,5905,포장젓갈,5940,가공식품,일상품,가공식품_저가
268,B,60,6001,젓갈류,9234,가공식품,일상품,가공식품_중가
269,B,61,6101,브랜드푸드몰,9453,가공식품,일상품,가공식품_중가
270,B,61,6102,간식조리,4392,가공식품,일상품,가공식품_저가
271,B,62,6201,빵,4506,가공식품,일상품,가공식품_저가
272,B,62,6202,피자,10469,가공식품,일상품,가공식품_중가
273,B,63,6301,반찬,15193,가공식품,일상품,가공식품_중가
274,B,63,6302,전통간식,12637,가공식품,일상품,가공식품_중가
275,B,63,6303,먹거리,8858,가공식품,일상품,가공식품_중가
276,B,63,6304,먹거리행사,9959,가공식품,일상품,가공식품_중가
277,B,63,6305,시즌행사,13004,가공식품,일상품,가공식품_중가
278,B,63,6306,맛집행사,8748,가공식품,일상품,가공식품_중가
279,B,63,6307,즉석구이안주,8962,가공식품,일상품,가공식품_중가
280,B,63,6308,즉석구이김,5874,가공식품,일상품,가공식품_저가
281,B,64,6404,냉동과일,10062,가공식품,일상품,가공식품_중가
282,B,67,6701,피자,8336,가공식품,일상품,가공식품_저가
283,B,67,6702,간식,6330,가공식품,일상품,가공식품_저가
284,B,67,6703,디저트,7416,가공식품,일상품,가공식품_저가
285,B,67,6704,베이커리,5178,가공식품,일상품,가공식품_저가
286,B,72,7202,선식,10106,가공식품,일상품,가공식품_중가
287,B,73,7301,포장반찬HMR,6180,가공식품,일상품,가공식품_저가
288,B,73,7302,냉동HMR,7598,가공식품,일상품,가공식품_저가
289,B,73,7303,냉장간편식HMR,4650,가공식품,일상품,가공식품_저가
290,B,73,7304,냉장식사HMR,4941,가공식품,일상품,가공식품_저가
291,B,74,7401,라면,4871,가공식품,일상품,가공식품_저가
292,B,74,7402,면류,3613,가공식품,일상품,가공식품_저가
293,B,74,7403,간편요리,3577,가공식품,일상품,가공식품_저가
294,B,74,7404,밥죽류,6309,가공식품,일상품,가공식품_저가
295,B,74,7405,브랜드빵,3346,가공식품,일상품,가공식품_저가
296,B,74,7406,시리얼,6087,가공식품,일상품,가공식품_저가
297,B,75,7501,비타민,20007,가공식품,일상품,가공식품_중가
298,B,75,7502,기능성건강,20871,가공식품,일상품,가공식품_중가
299,B,75,7503,홍인삼,88986,가공식품,일상품,가공식품_고가
300,B,75,7504,담배,40792,가공식품,일상품,가공식품_고가
301,B,75,7505,건강선물세트,134969,가공식품,선매품,가공식품_고가
302,B,77,7701,냉동규격생선,10414,가공식품,일상품,가공식품_중가
303,B,77,7702,냉동규격해물,10508,가공식품,일상품,가공식품_중가
304,B,77,7703,규격생선선물세트,140385,가공식품,선매품,가공식품_고가
305,B,77,7704,냉장규격생선,11627,가공식품,일상품,가공식품_중가
306,B,77,7705,온라인규격/간편조리생선,7500,가공식품,일상품,가공식품_저가
307,B,77,7706,규격RTC,4853,가공식품,일상품,가공식품_저가
308,B,77,7707,간편조리행사,12931,가공식품,일상품,가공식품_중가
309,B,78,7802,반건생선,8813,가공식품,일상품,가공식품_중가
310,B,78,7803,굴비/반건생선선물세트,127003,가공식품,선매품,가공식품_고가
311,B,80,8002,멸치,9492,가공식품,일상품,가공식품_중가
312,B,80,8003,천연조미료,7695,가공식품,일상품,가공식품_저가
313,B,80,8004,황태,8691,가공식품,일상품,가공식품_중가
314,B,80,8005,미역/다시마,3971,가공식품,일상품,가공식품_저가
315,B,80,8006,멸치황태미역선물세트,25514,가공식품,일상품,가공식품_중가
316,B,81,8101,즉석구이김,6007,가공식품,일상품,가공식품_저가
317,B,81,8102,마른김,3506,가공식품,일상품,가공식품_저가
318,B,81,8103,조미김,5722,가공식품,일상품,가공식품_저가
319,B,81,8104,김가공품,4656,가공식품,일상품,가공식품_저가
320,B,81,8105,김선물세트,55895,가공식품,일상품,가공식품_고가
321,B,83,8301,양념육,11939,가공식품,일상품,가공식품_중가
322,B,83,8302,육가공품,9953,가공식품,일상품,가공식품_중가
323,B,91,9101,양념채소,2905,가공식품,일상품,가공식품_저가
324,B,91,9102,뿌리채소,3202,가공식품,일상품,가공식품_저가
325,B,91,9103,온라인양념/뿌리채소,9900,가공식품,일상품,가공식품_중가
326,B,8,806,주유소,56346,기타,일상품,기타_저가
327,B,27,2706,동물병원,39885,기타,일상품,기타_저가
328,B,17,1701,세탁세제,13594,일상용품,일상품,일상용품_저가
329,B,17,1702,주거세제,10595,일상용품,일상품,일상용품_저가
330,B,17,1703,주방세제,6000,일상용품,일상품,일상용품_저가
331,B,17,1704,섬유유연제,10059,일상용품,일상품,일상용품_저가
332,B,17,1705,표백제,17196,일상용품,일상품,일상용품_중가
333,B,17,1706,살충제,11717,일상용품,일상품,일상용품_저가
334,B,17,1707,탈취제,20585,일상용품,일상품,일상용품_중가
335,B,17,1708,제습제,9571,일상용품,일상품,일상용품_저가
336,B,18,1801,기저귀,35367,일상용품,일상품,일상용품_중가
337,B,18,1802,화장지,12185,일상용품,일상품,일상용품_저가
338,B,18,1804,유아세제,8380,일상용품,일상품,일상용품_저가
339,B,18,1805,유아위생용품,23842,일상용품,일상품,일상용품_중가
340,B,18,1806,시니어위생용품,15447,일상용품,일상품,일상용품_저가
341,B,18,1807,여성위생용품,12196,일상용품,일상품,일상용품_저가
342,B,18,1808,키친타올,6038,일상용품,일상품,일상용품_저가
343,B,18,1809,물티슈,4847,일상용품,일상품,일상용품_저가
344,B,18,1810,미용티슈,6654,일상용품,일상품,일상용품_저가
345,B,19,1901,구강용품,8124,일상용품,일상품,일상용품_저가
346,B,19,1902,헤어스타일링,20198,일상용품,일상품,일상용품_중가
347,B,19,1903,면도용품,15206,일상용품,일상품,일상용품_저가
348,B,19,1904,바디용품,10398,일상용품,일상품,일상용품_저가
349,B,19,1905,스킨케어,16194,일상용품,일상품,일상용품_중가
350,B,19,1906,개인위생용품,5953,일상용품,일상품,일상용품_저가
351,B,19,1907,H&B선물세트,238266,일상용품,선매품,일상용품_고가
352,B,19,1908,일반헤어케어,11464,일상용품,일상품,일상용품_저가
353,B,19,1909,기능헤어케어,14807,일상용품,일상품,일상용품_저가
354,B,20,2001,그릇/수저,12066,일상용품,일상품,일상용품_저가
355,B,20,2002,음식조리,16412,일상용품,일상품,일상용품_중가
356,B,20,2003,음식저장/보관,6137,일상용품,일상품,일상용품_저가
357,B,20,2004,주방정리,5105,일상용품,일상품,일상용품_저가
358,B,20,2005,야외용품,6044,일상용품,일상품,일상용품_저가
359,B,20,2006,주방시즌/균일가,4097,일상용품,일상품,일상용품_저가
360,B,20,2007,야외/시즌용품,7262,일상용품,일상품,일상용품_저가
361,B,20,2008,균일가,4055,일상용품,일상품,일상용품_저가
362,B,21,2101,청소용품,1664,일상용품,일상품,일상용품_저가
363,B,21,2102,세탁용품,13467,일상용품,일상품,일상용품_저가
364,B,21,2103,수납용품,16511,일상용품,일상품,일상용품_중가
365,B,21,2104,욕실용품,10804,일상용품,일상품,일상용품_저가
366,B,21,2105,휴지통,11017,일상용품,일상품,일상용품_저가
367,B,21,2106,밀대/걸레,12259,일상용품,일상품,일상용품_저가
368,B,21,2107,청소편의도구,8040,일상용품,일상품,일상용품_저가
369,B,21,2108,종량제봉투,951,일상용품,일상품,일상용품_저가
370,B,22,2206,건전지,6496,일상용품,일상품,일상용품_저가
371,B,27,2701,애완/동물용품,12155,일상용품,일상품,일상용품_저가
372,B,27,2703,애견용품,11462,일상용품,일상품,일상용품_저가
373,B,27,2704,덴탈케어,5805,일상용품,일상품,일상용품_저가
374,B,27,2705,고양이용품,8263,일상용품,일상품,일상용품_저가
375,B,27,2707,수족관용품,11169,일상용품,일상품,일상용품_저가
376,B,28,2801,자동차 정비용품,14655,일상용품,일상품,일상용품_저가
377,B,28,2802,자동차 청소용품,7384,일상용품,일상품,일상용품_저가
378,B,28,2803,카시트/매트,27328,일상용품,일상품,일상용품_중가
379,B,28,2804,자동차처분,89000,일상용품,일상품,일상용품_고가
380,B,28,2805,자동차 액세서리,11640,일상용품,일상품,일상용품_저가
381,B,28,2806,교환/보수용품,11762,일상용품,일상품,일상용품_저가
382,B,28,2807,세차용품,8907,일상용품,일상품,일상용품_저가
383,B,28,2808,자동차방향제/소취제,10017,일상용품,일상품,일상용품_저가
384,B,28,2809,자동차 편의용품,11234,일상용품,일상품,일상용품_저가
385,B,28,2810,자동차장식용품,13029,일상용품,일상품,일상용품_저가
386,B,28,2811,휴대폰용품,11528,일상용품,일상품,일상용품_저가
387,B,28,2812,장착용품,12238,일상용품,일상품,일상용품_저가
388,B,28,2813,오토바이용품,12400,일상용품,일상품,일상용품_저가
389,B,31,3105,유아동용품,25396,일상용품,일상품,일상용품_중가
390,B,32,3201,유아용품,7345,일상용품,일상품,일상용품_저가
391,B,32,3202,유아토들러,12742,일상용품,일상품,일상용품_저가
392,B,34,3401,국내화장품,45322,일상용품,일상품,일상용품_중가
393,B,34,3402,미용잡화,2752,일상용품,일상품,일상용품_저가
394,B,34,3403,수입브랜드,26051,일상용품,일상품,일상용품_중가
395,B,34,3404,화장품브랜드샵,16037,일상용품,일상품,일상용품_저가
396,B,36,3607,시니어건강용품,79147,일상용품,일상품,일상용품_고가
397,B,45,4513,모자,11095,일상용품,일상품,일상용품_저가
398,B,66,6601,남성용품,14782,일상용품,일상품,일상용품_저가
399,B,66,6602,개인위생용품,6782,일상용품,일상품,일상용품_저가
400,B,66,6603,바디케어,8957,일상용품,일상품,일상용품_저가
401,B,66,6604,훼이셜케어,12467,일상용품,일상품,일상용품_저가
402,B,66,6605,베이비케어,21116,일상용품,일상품,일상용품_중가
403,B,66,6606,풋/핸드케어,10726,일상용품,일상품,일상용품_저가
404,B,66,6607,미용소품,3295,일상용품,일상품,일상용품_저가
405,B,66,6608,아로마,10327,일상용품,일상품,일상용품_저가
406,B,70,7004,모자,11518,일상용품,일상품,일상용품_저가
407,B,84,8401,그릇/수저,15015,일상용품,일상품,일상용품_저가
408,B,84,8402,유아식기,8010,일상용품,일상품,일상용품_저가
409,B,84,8403,조리용기,22311,일상용품,일상품,일상용품_중가
410,B,84,8404,조리도구,8165,일상용품,일상품,일상용품_저가
411,B,86,8601,패브릭욕실용품,11121,일상용품,일상품,일상용품_저가
412,B,86,8602,매트,25242,일상용품,일상품,일상용품_중가
413,B,86,8603,프리미엄매트,85603,일상용품,일상품,일상용품_고가
414,B,86,8604,일반욕실용품,7437,일상용품,일상품,일상용품_저가
415,B,87,8703,전기용품,13118,일상용품,일상품,일상용품_저가
416,B,87,8704,안전용품,8348,일상용품,일상품,일상용품_저가
417,B,87,8706,공구,10684,일상용품,일상품,일상용품_저가
418,B,87,8707,건전지,6623,일상용품,일상품,일상용품_저가
419,B,90,9001,기초화장품,27205,일상용품,일상품,일상용품_중가
420,B,90,9002,색조화장품,15970,일상용품,일상품,일상용품_저가
421,B,90,9003,드럭스토어,17280,일상용품,일상품,일상용품_중가
422,B,90,9004,온라인화장품,10150,일상용품,일상품,일상용품_저가
423,B,18,1803,생리대,12003,의약품/의료기기,일상품,의약품/의료기기_고가
424,B,22,2201,소가구,41010,가구/인테리어,일상품,가구/인테리어_저가
425,B,22,2202,장식용품,15669,가구/인테리어,일상품,가구/인테리어_저가
426,B,22,2203,의자/상,38280,가구/인테리어,일상품,가구/인테리어_저가
427,B,22,2204,조명/전구,16657,가구/인테리어,일상품,가구/인테리어_저가
428,B,22,2205,보수용품,9860,가구/인테리어,일상품,가구/인테리어_저가
429,B,22,2207,가구/인테리어샵,160709,가구/인테리어,선매품,가구/인테리어_중가
430,B,22,2208,테이블,48235,가구/인테리어,일상품,가구/인테리어_저가
431,B,22,2209,의자,34933,가구/인테리어,일상품,가구/인테리어_저가
432,B,22,2210,상,30158,가구/인테리어,일상품,가구/인테리어_저가
433,B,22,2211,제기용품,64258,가구/인테리어,일상품,가구/인테리어_저가
434,B,22,2212,아웃도어퍼니처,44185,가구/인테리어,일상품,가구/인테리어_저가
435,B,22,2213,벽지류,12098,가구/인테리어,일상품,가구/인테리어_저가
436,B,22,2214,가구,166411,가구/인테리어,선매품,가구/인테리어_중가
437,B,23,2301,성인침구류,37867,가구/인테리어,일상품,가구/인테리어_저가
438,B,23,2302,수예소품,19845,가구/인테리어,일상품,가구/인테리어_저가
439,B,23,2303,커튼류,37297,가구/인테리어,일상품,가구/인테리어_저가
440,B,23,2304,수예시즌,39670,가구/인테리어,일상품,가구/인테리어_저가
441,B,23,2305,아동침구류,22985,가구/인테리어,일상품,가구/인테리어_저가
442,B,27,2702,원예용품,7036,가구/인테리어,일상품,가구/인테리어_저가
443,B,86,8605,DIY욕실용품,29958,가구/인테리어,일상품,가구/인테리어_저가
444,B,86,8606,수도용품,19573,가구/인테리어,일상품,가구/인테리어_저가
445,B,87,8701,조명기구,32749,가구/인테리어,일상품,가구/인테리어_저가
446,B,87,8702,전구,12487,가구/인테리어,일상품,가구/인테리어_저가
447,B,87,8705,보수용품,7829,가구/인테리어,일상품,가구/인테리어_저가
448,B,88,8801,브랜드침구,65566,가구/인테리어,일상품,가구/인테리어_저가
449,B,88,8802,성인침구,35225,가구/인테리어,일상품,가구/인테리어_저가
450,B,88,8803,아동침구,20239,가구/인테리어,일상품,가구/인테리어_저가
451,B,24,2401,예능학용품,10070,교육/문화용품,일상품,교육/문화용품_저가
452,B,24,2402,노트/지류,3893,교육/문화용품,일상품,교육/문화용품_저가
453,B,24,2403,필기도구,3234,교육/문화용품,일상품,교육/문화용품_저가
454,B,24,2404,오피스용품,4491,교육/문화용품,일상품,교육/문화용품_저가
455,B,24,2405,파티/팬시/시즌,3733,교육/문화용품,일상품,교육/문화용품_저가
456,B,24,2406,미술용품,5028,교육/문화용품,일상품,교육/문화용품_저가
457,B,24,2407,교육보조재,15756,교육/문화용품,일상품,교육/문화용품_저가
458,B,24,2408,파티/팬시,3652,교육/문화용품,일상품,교육/문화용품_저가
459,B,24,2409,노트,3521,교육/문화용품,일상품,교육/문화용품_저가
460,B,24,2410,시즌행사,8542,교육/문화용품,일상품,교육/문화용품_저가
461,B,25,2501,일반서적,10868,교육/문화용품,일상품,교육/문화용품_저가
462,B,25,2502,음반,13591,교육/문화용품,일상품,교육/문화용품_저가
463,B,25,2503,유/아동서적,10253,교육/문화용품,일상품,교육/문화용품_저가
464,B,25,2504,영상,14966,교육/문화용품,일상품,교육/문화용품_저가
465,B,25,2505,서적,10358,교육/문화용품,일상품,교육/문화용품_저가
466,B,25,2506,음반영상,12380,교육/문화용품,일상품,교육/문화용품_저가
467,B,26,2601,BABY/INFANT,21844,교육/문화용품,일상품,교육/문화용품_저가
468,B,26,2602,GIRLS,28614,교육/문화용품,일상품,교육/문화용품_저가
469,B,26,2603,교육,34319,교육/문화용품,일상품,교육/문화용품_저가
470,B,26,2604,VIDEOGAME,68394,교육/문화용품,일상품,교육/문화용품_중가
471,B,26,2605,남아,25266,교육/문화용품,일상품,교육/문화용품_저가
472,B,26,2606,SPORTS/OUTDOOR,13693,교육/문화용품,일상품,교육/문화용품_저가
473,B,26,2607,EDUCATION 1,44920,교육/문화용품,일상품,교육/문화용품_중가
474,B,26,2608,EDUCATION 2,20210,교육/문화용품,일상품,교육/문화용품_저가
475,B,26,2609,BOYS 1,41842,교육/문화용품,일상품,교육/문화용품_중가
476,B,26,2610,BOYS 2,18778,교육/문화용품,일상품,교육/문화용품_저가
477,B,42,4211,전자악기,7600,교육/문화용품,일상품,교육/문화용품_저가
478,B,51,5103,골프,133383,교육/문화용품,선매품,교육/문화용품_중가
479,B,29,2901,스트리트편집샵,45183,의류,일상품,의류_중가
480,B,29,2902,행사,26892,의류,일상품,의류_저가
481,B,29,2903,이지캐주얼브랜드,38712,의류,일상품,의류_중가
482,B,29,2904,여성캐주얼브랜드,57503,의류,일상품,의류_중가
483,B,30,3001,비즈니스정장,94584,의류,일상품,의류_중가
484,B,30,3002,시티캐주얼,65908,의류,일상품,의류_중가
485,B,30,3003,복합샵,28702,의류,일상품,의류_저가
486,B,30,3004,남성브랜드,60473,의류,일상품,의류_중가
487,B,30,3005,남성행사,29104,의류,일상품,의류_저가
488,B,30,3006,남성시즌행사,164324,의류,선매품,의류_고가
489,B,31,3101,유아브랜드,36462,의류,일상품,의류_중가
490,B,31,3102,아동복합샵,29415,의류,일상품,의류_저가
491,B,31,3103,아동브랜드,41793,의류,일상품,의류_중가
492,B,31,3104,아동행사,38845,의류,일상품,의류_중가
493,B,32,3203,주니어스포츠,11253,의류,일상품,의류_저가
494,B,32,3204,주니어웨어,12451,의류,일상품,의류_저가
495,B,32,3205,유아동PB,10982,의류,일상품,의류_저가
496,B,32,3206,유아동NPB,12186,의류,일상품,의류_저가
497,B,32,3207,유아동특정,19247,의류,일상품,의류_저가
498,B,33,3301,성인내의,13495,의류,일상품,의류_저가
499,B,33,3302,란제리,13872,의류,일상품,의류_저가
500,B,33,3304,홈웨어,15576,의류,일상품,의류_저가
501,B,33,3306,란제리브랜드,30897,의류,일상품,의류_저가
502,B,33,3307,아동내의,10598,의류,일상품,의류_저가
503,B,33,3308,언더웨어행사,12980,의류,일상품,의류_저가
504,B,35,3507,스포츠웨어,21913,의류,일상품,의류_저가
505,B,36,3608,스포츠의류,28950,의류,일상품,의류_저가
506,B,49,4901,마담/어덜트,16664,의류,일상품,의류_저가
507,B,49,4902,미시캐주얼,11320,의류,일상품,의류_저가
508,B,49,4903,여성베이직,4784,의류,일상품,의류_저가
509,B,49,4904,여성이지캐주얼,12876,의류,일상품,의류_저가
510,B,49,4905,여성PB,12064,의류,일상품,의류_저가
511,B,49,4906,여성NPB,13461,의류,일상품,의류_저가
512,B,49,4907,여성특정,23112,의류,일상품,의류_저가
513,B,50,5001,병행수입,44172,의류,일상품,의류_중가
514,B,50,5002,남성베이직,11202,의류,일상품,의류_저가
515,B,50,5003,남성스포츠,14759,의류,일상품,의류_저가
516,B,50,5004,남성어덜트캐주얼,20502,의류,일상품,의류_저가
517,B,50,5005,남성이지캐주얼,14979,의류,일상품,의류_저가
518,B,50,5006,남성스포츠PB,16021,의류,일상품,의류_저가
519,B,50,5007,남성스포츠NPB,25336,의류,일상품,의류_저가
520,B,50,5008,남성스포츠특정,24985,의류,일상품,의류_저가
521,B,51,5101,스포츠브랜드편집,56625,의류,일상품,의류_중가
522,B,51,5102,스포츠NB,62355,의류,일상품,의류_중가
523,B,51,5104,시즌행사,24390,의류,일상품,의류_저가
524,B,51,5105,브랜드,60953,의류,일상품,의류_중가
525,B,68,6808,언더웨어행사,13022,의류,일상품,의류_저가
526,B,71,7101,브랜드,54775,의류,일상품,의류_중가
527,B,33,3303,양말,8725,전문스포츠/레저,일상품,전문스포츠/레저_저가
528,B,35,3501,스키,18957,전문스포츠/레저,일상품,전문스포츠/레저_저가
529,B,35,3502,등산,55364,전문스포츠/레저,일상품,전문스포츠/레저_중가
530,B,35,3503,낚시,9297,전문스포츠/레저,일상품,전문스포츠/레저_저가
531,B,35,3504,수영복,27595,전문스포츠/레저,일상품,전문스포츠/레저_저가
532,B,35,3505,윈터스포츠,20344,전문스포츠/레저,일상품,전문스포츠/레저_저가
533,B,35,3506,워터스포츠,31073,전문스포츠/레저,일상품,전문스포츠/레저_저가
534,B,36,3601,롤러보드,101001,전문스포츠/레저,선매품,전문스포츠/레저_중가
535,B,36,3602,구기용품,17412,전문스포츠/레저,일상품,전문스포츠/레저_저가
536,B,36,3603,헬스용품,18094,전문스포츠/레저,일상품,전문스포츠/레저_저가
537,B,36,3604,자전거,67369,전문스포츠/레저,일상품,전문스포츠/레저_중가
538,B,36,3605,스포츠ACC,10922,전문스포츠/레저,일상품,전문스포츠/레저_저가
539,B,36,3606,라켓스포츠,16863,전문스포츠/레저,일상품,전문스포츠/레저_저가
540,B,45,4516,장갑,9220,전문스포츠/레저,일상품,전문스포츠/레저_저가
541,B,70,7007,장갑,13232,전문스포츠/레저,일상품,전문스포츠/레저_저가
542,B,71,7102,등산,23988,전문스포츠/레저,일상품,전문스포츠/레저_저가
543,B,71,7103,캠핑,23053,전문스포츠/레저,일상품,전문스포츠/레저_저가
544,B,33,3305,스타킹,8979,패션잡화,일상품,패션잡화_저가
545,B,44,4401,드레스화브랜드,100936,패션잡화,선매품,패션잡화_중가
546,B,44,4402,캐주얼화브랜드,54577,패션잡화,일상품,패션잡화_중가
547,B,44,4403,아동화브랜드,24665,패션잡화,일상품,패션잡화_저가
548,B,44,4404,슈즈행사,36766,패션잡화,일상품,패션잡화_중가
549,B,44,4405,남성구두,37281,패션잡화,일상품,패션잡화_중가
550,B,44,4406,여성구두,23824,패션잡화,일상품,패션잡화_저가
551,B,44,4407,샌들슬리퍼,12290,패션잡화,일상품,패션잡화_저가
552,B,44,4408,NB구두,69728,패션잡화,일상품,패션잡화_중가
553,B,44,4409,운동화,11715,패션잡화,일상품,패션잡화_저가
554,B,45,4501,준보석,97549,패션잡화,일상품,패션잡화_중가
555,B,45,4502,시계,184959,패션잡화,선매품,패션잡화_고가
556,B,45,4504,피혁브랜드,87002,패션잡화,일상품,패션잡화_중가
557,B,45,4505,가방브랜드,116597,패션잡화,선매품,패션잡화_중가
558,B,45,4506,잡화멀티샵,23342,패션잡화,일상품,패션잡화_저가
559,B,45,4507,미입점행사,17562,패션잡화,일상품,패션잡화_저가
560,B,45,4508,지갑,29561,패션잡화,일상품,패션잡화_저가
561,B,45,4509,벨트,15922,패션잡화,일상품,패션잡화_저가
562,B,45,4510,핸드백,8215,패션잡화,일상품,패션잡화_저가
563,B,45,4511,가방,55859,패션잡화,일상품,패션잡화_중가
564,B,45,4512,피혁토탈,61391,패션잡화,일상품,패션잡화_중가
565,B,45,4514,우산/양산,13458,패션잡화,일상품,패션잡화_저가
566,B,45,4515,스카프,7356,패션잡화,일상품,패션잡화_저가
567,B,45,4517,시즌토탈,18869,패션잡화,일상품,패션잡화_저가
568,B,45,4518,썬글라스,38082,패션잡화,일상품,패션잡화_중가
569,B,45,4519,여행용품,16320,패션잡화,일상품,패션잡화_저가
570,B,68,6801,남성양말,8546,패션잡화,일상품,패션잡화_저가
571,B,68,6802,여성양말,6295,패션잡화,일상품,패션잡화_저가
572,B,68,6803,아동양말,6845,패션잡화,일상품,패션잡화_저가
573,B,68,6804,덧신,5841,패션잡화,일상품,패션잡화_저가
574,B,68,6805,주니어양말,6597,패션잡화,일상품,패션잡화_저가
575,B,68,6806,양말선물세트,18345,패션잡화,일상품,패션잡화_저가
576,B,68,6807,온라인양말,14990,패션잡화,일상품,패션잡화_저가
577,B,69,6901,시즌슈즈,13595,패션잡화,일상품,패션잡화_저가
578,B,69,6902,스포츠슈즈,11805,패션잡화,일상품,패션잡화_저가
579,B,69,6903,아동슈즈,13177,패션잡화,일상품,패션잡화_저가
580,B,69,6904,캐주얼슈즈,18550,패션잡화,일상품,패션잡화_저가
581,B,69,6905,슈즈용품,4815,패션잡화,일상품,패션잡화_저가
582,B,70,7001,지갑/벨트,15379,패션잡화,일상품,패션잡화_저가
583,B,70,7002,가방,22990,패션잡화,일상품,패션잡화_저가
584,B,70,7003,TRAVEL,32626,패션잡화,일상품,패션잡화_저가
585,B,70,7005,우산/양산,12251,패션잡화,일상품,패션잡화_저가
586,B,70,7006,시즌잡화,8310,패션잡화,일상품,패션잡화_저가
587,B,39,3901,냉장고,1352941,디지털/가전,선매품,디지털/가전_고가
588,B,39,3902,세탁기,618294,디지털/가전,선매품,디지털/가전_고가
589,B,39,3903,TV,776392,디지털/가전,선매품,디지털/가전_고가
590,B,39,3904,DVD,69000,디지털/가전,일상품,디지털/가전_저가
591,B,39,3905,오디오,45110,디지털/가전,일상품,디지털/가전_저가
592,B,39,3906,홈시어터,234000,디지털/가전,선매품,디지털/가전_중가
593,B,39,3907,김치냉장고,1187923,디지털/가전,선매품,디지털/가전_고가
594,B,40,4001,정수기,52000,디지털/가전,일상품,디지털/가전_저가
595,B,40,4002,공기청정기,216007,디지털/가전,선매품,디지털/가전_중가
596,B,40,4003,에어컨,678182,디지털/가전,선매품,디지털/가전_고가
597,B,40,4004,선풍기,30977,디지털/가전,일상품,디지털/가전_저가
598,B,40,4005,히터기,38104,디지털/가전,일상품,디지털/가전_저가
599,B,40,4006,전기요/장판,52242,디지털/가전,일상품,디지털/가전_저가
600,B,40,4007,가습기,65735,디지털/가전,일상품,디지털/가전_저가
601,B,40,4008,건강가전,44259,디지털/가전,일상품,디지털/가전_저가
602,B,41,4101,밥솥,220729,디지털/가전,선매품,디지털/가전_중가
603,B,41,4102,주방소형가전,24000,디지털/가전,일상품,디지털/가전_저가
604,B,41,4103,청소기,96490,디지털/가전,일상품,디지털/가전_저가
605,B,41,4104,전기포트,29974,디지털/가전,일상품,디지털/가전_저가
606,B,41,4105,믹서기,59030,디지털/가전,일상품,디지털/가전_저가
607,B,41,4106,생활소형가전,29910,디지털/가전,일상품,디지털/가전_저가
608,B,41,4107,커피메이커/머신,57614,디지털/가전,일상품,디지털/가전_저가
609,B,41,4108,기타주방가전,53501,디지털/가전,일상품,디지털/가전_저가
610,B,41,4109,조리기,156907,디지털/가전,선매품,디지털/가전_중가
611,B,42,4201,소형음향기기,11500,디지털/가전,일상품,디지털/가전_저가
612,B,42,4202,카메라/캠코더,91530,디지털/가전,일상품,디지털/가전_저가
613,B,42,4203,전화기/팩스,33737,디지털/가전,일상품,디지털/가전_저가
614,B,42,4204,이동통신,15229,디지털/가전,일상품,디지털/가전_저가
615,B,42,4205,PC,479692,디지털/가전,선매품,디지털/가전_중가
616,B,42,4206,컴퓨터주변기기,16747,디지털/가전,일상품,디지털/가전_저가
617,B,42,4207,전기면도기,94191,디지털/가전,일상품,디지털/가전_저가
618,B,42,4208,건강디지털기기,85100,디지털/가전,일상품,디지털/가전_저가
619,B,42,4209,NAVI/하이패스,80709,디지털/가전,일상품,디지털/가전_저가
620,B,42,4210,기타음향기기,14456,디지털/가전,일상품,디지털/가전_저가
621,B,42,4212,MP3/PMP,29667,디지털/가전,일상품,디지털/가전_저가
622,B,42,4213,전자학습기,179000,디지털/가전,선매품,디지털/가전_중가
623,B,45,4503,액세서리,11103,디지털/가전,일상품,디지털/가전_저가
624,B,85,8501,주방가전,31988,디지털/가전,일상품,디지털/가전_저가
625,B,85,8502,시즌/건강가전,60665,디지털/가전,일상품,디지털/가전_저가
